{
  "config_loading": {
    "cold_load_ms": 0.7642919663339853,
    "hot_load_ms": 0.6275145796826109,
    "fields_count": 6
  },
  "serialization": {
    "\u5c0f": {
      "size_mb": 0.25,
      "none": {
        "save_ms": 4.9175419844686985,
        "load_ms": 0.11020799865946174,
        "file_mb": 0.25008201599121094
      },
      "zlib": {
        "save_ms": 6.243791023734957,
        "load_ms": 0.42941595893353224,
        "file_mb": 0.23178958892822266,
        "compression_ratio": 1.0789182428234636
      }
    },
    "\u4e2d": {
      "size_mb": 1.0,
      "none": {
        "save_ms": 1.4729579561389983,
        "load_ms": 0.19033299759030342,
        "file_mb": 1.000082015991211
      },
      "zlib": {
        "save_ms": 24.511249968782067,
        "load_ms": 0.302958011161536,
        "file_mb": 0.9265499114990234,
        "compression_ratio": 1.0793611909942586
      }
    },
    "\u5927": {
      "size_mb": 4.0,
      "none": {
        "save_ms": 2.2435839637182653,
        "load_ms": 0.5130830104462802,
        "file_mb": 4.000085830688477
      },
      "zlib": {
        "save_ms": 100.33191699767485,
        "load_ms": 0.6213749875314534,
        "file_mb": 3.705084800720215,
        "compression_ratio": 1.0796205878772107
      }
    },
    "\u8d85\u5927": {
      "size_mb": 16.0,
      "none": {
        "save_ms": 6.314666999969631,
        "load_ms": 2.14545801281929,
        "file_mb": 16.000085830688477
      },
      "zlib": {
        "save_ms": 397.58529199752957,
        "load_ms": 2.0416660117916763,
        "file_mb": 14.82065486907959,
        "compression_ratio": 1.0795802190947406
      }
    }
  },
  "dual_cache": {
    "l2_avg_ms": 0,
    "l3_avg_ms": 0.25137478951364756,
    "evictions": 7,
    "l2_hit_rate": 0.0,
    "l3_hit_rate": 1.0,
    "overall_hit_rate": 1.0,
    "l2_size_mb": 8.0,
    "l3_size_mb": 17.605856895446777
  },
  "async_io": {
    "serial_ms": 224.04758300399408,
    "async_ms": 212.86500000860542,
    "thread_ms": 222.03495900612324,
    "async_speedup": 1.0525336856455338,
    "thread_speedup": 1.0090644464587009
  },
  "memory": {
    "mem_start_mb": 185.5625,
    "mem_after_mb": 186.4375,
    "mem_delta_mb": 0.875,
    "l2_cache_mb": 64.0,
    "l3_cache_mb": 33.356746673583984,
    "overhead_ratio": 0.008987564086685074
  }
}